#{"t_start": 1643878673.3319073, "env_id": "happinize-v1"}
r,l,t
330.329548,42,0.022773
381.296078,46,0.043326
413.230761,49,4.31813
313.288099,41,6.542034
370.344611,49,17.847327
417.042641,57,25.397641
327.942144,44,37.979688
360.607924,50,49.456636
122.273011,15,55.963507
296.692496,38,62.368604
277.680032,36,63.678044
239.972775,30,64.839957
285.199776,38,66.963452
372.563518,51,75.947172
376.432804,51,79.424874
295.798892,40,94.352151
247.664692,31,95.966787
343.701316,45,99.684101
319.516745,38,106.922286
386.266372,50,112.808968
338.269098,42,118.547494
341.160394,47,135.779201
213.208714,25,135.797507
391.929062,52,156.199989
385.555488,52,168.457827
402.004677,55,174.707929
362.254443,51,182.864476
353.784707,51,184.273786
339.570623,44,193.239075
179.596025,22,195.721615
225.667767,27,195.751066
141.668754,17,196.998121
319.524737,40,204.350655
312.333167,40,212.649804
398.171763,53,219.49014
261.533432,32,224.503276
363.098553,50,236.299843
262.283026,32,246.794599
359.997973,48,251.702125
355.754444,45,259.963953
282.448053,35,273.347648
326.442847,42,283.696714
408.470255,56,292.968865
406.581595,55,298.15946
318.664338,40,307.001619
208.581446,24,307.014153
372.183862,49,312.594229
382.350219,49,326.806234
279.940517,34,348.903569
109.371623,13,348.916772
221.626437,25,349.899816
320.022292,42,352.97939
263.007373,31,354.044981
337.960518,45,358.487714
187.172695,22,367.140086
355.701193,47,385.513685
352.370485,46,396.312132
280.786026,35,400.37008
295.029952,37,407.371963
371.467422,49,414.468926
314.243823,40,426.598959
302.421922,39,431.374315
392.643939,50,441.636517
354.677899,47,443.422719
345.645749,45,452.967131
436.037461,58,453.749838
387.386415,51,464.673348
267.80188,34,468.569093
418.852698,56,480.802768
311.64357,39,489.261423
385.939839,52,504.5688
353.180586,47,507.152228
257.663197,32,516.818148
304.888438,38,522.110933
396.306777,53,541.429926
347.235836,45,543.939906
257.505522,32,546.111392
252.430353,30,550.204221
393.659261,53,565.576044
360.055845,48,580.051036
381.112468,51,585.079841
343.279374,45,592.611016
366.756656,49,599.104188
331.853125,42,608.621858
338.642451,43,615.004309
328.186786,42,616.314324
363.323581,49,618.402355
267.229338,33,619.716726
357.832041,46,625.139984
332.224162,42,628.022933
402.621235,55,645.189377
354.92556,44,656.714857
334.063209,44,663.952177
114.395183,13,663.968795
209.089855,24,666.452051
304.284341,38,675.66843
409.481703,56,682.155776
411.03144,53,692.554194
385.007922,51,696.503494
399.24484,54,702.059477
312.3328,40,702.499747
377.193225,49,719.988375
238.651949,29,732.891891
390.359249,51,743.300016
429.333431,58,757.517209
415.636741,56,774.967262
414.925387,54,780.616306
378.348659,50,788.797573
272.218962,34,791.360938
308.042461,41,791.925271
9.457251,1,791.926071
355.613066,46,797.468683
293.573398,35,800.31813
367.677169,50,804.333235
354.819948,46,808.615268
361.591637,50,812.183423
377.014675,50,818.241846
297.839872,38,819.820312
370.448918,50,826.883973
378.489077,49,832.51767
367.442781,50,847.590972
300.865438,39,849.956569
410.098239,55,864.245529
397.281355,52,874.159542
385.217643,50,888.774354
282.087071,36,890.486484
414.380315,57,896.93861
284.497808,35,898.992549
356.496378,48,905.812006
351.987044,47,912.080178
212.155704,25,915.573044
240.859147,29,928.442303
279.879711,34,936.812072
339.935124,45,940.794501
315.929232,41,943.261016
397.100876,52,950.630131
354.753131,47,953.518415
334.57888,44,958.995009
215.075523,25,966.006922
425.658188,56,975.458226
412.57209,55,989.967943
377.029796,48,1004.713018
372.002095,49,1008.417403
401.493314,53,1021.579688
378.849802,50,1028.642182
380.908174,51,1036.670958
392.703344,53,1046.943748
326.62404,43,1051.087593
227.789619,27,1054.436847
398.764378,55,1062.168595
383.683586,50,1068.320951
368.419325,48,1086.959728
351.070273,47,1091.779478
348.259272,45,1097.032137
358.185704,49,1100.009127
312.576936,39,1100.51639
332.586237,43,1101.411048
41.517189,5,1101.420628
334.299886,44,1101.907439
311.549074,41,1109.540528
327.421172,43,1117.173848
334.548814,46,1117.735994
357.459623,46,1130.974941
282.791708,34,1134.1845
356.44419,47,1135.859671
372.416891,49,1141.498996
364.342692,48,1147.690273
403.34562,54,1154.844347
438.087595,60,1165.697842
235.961519,29,1176.126518
378.204513,53,1176.826474
312.596137,41,1183.352582
345.294184,47,1183.816272
330.475099,43,1185.968988
328.770168,42,1190.212729
334.234163,43,1193.674518
387.060708,53,1206.351754
345.937356,46,1208.967138
339.405369,45,1223.698684
350.298104,47,1230.758132
283.188436,35,1242.092776
384.874477,51,1260.159214
253.677771,32,1266.569174
435.209353,58,1271.138965
382.994784,52,1286.964708
398.975917,54,1292.636909
328.883,44,1304.47014
328.247899,43,1316.433481
357.76109,47,1321.527216
367.251723,48,1325.431188
435.136631,59,1334.090196
373.004203,48,1342.770841
255.328651,27,1346.651663
313.973345,39,1350.121645
430.566116,57,1366.665628
353.864455,45,1367.309534
262.847847,31,1375.595218
251.43928,27,1384.364829
367.457859,47,1394.983112
396.405787,49,1409.171933
387.216482,50,1422.521888
60.583787,7,1424.501857
413.04707,57,1425.131511
418.58579,59,1444.094157
398.146869,51,1454.79861
192.236965,24,1463.758961
330.876413,44,1468.939728
254.755789,30,1476.861465
409.645522,56,1479.110664
375.788476,50,1484.102609
374.273512,50,1498.72685
341.154259,48,1504.468048
285.781574,38,1509.479559
63.3701,7,1509.485448
299.122685,38,1516.10307
394.607615,54,1533.588218
256.257718,31,1538.794196
348.932157,48,1549.047703
310.921682,41,1557.925785
336.37312,46,1573.503328
273.427283,36,1582.287888
317.77051,42,1594.812516
292.627214,39,1603.706555
300.485489,40,1616.279989
316.329218,42,1625.681368
356.043993,48,1650.841398
378.18895,51,1653.751876
388.492302,52,1673.89588
326.076242,40,1677.670716
380.870763,52,1691.379893
408.713771,54,1704.047141
403.14712,57,1719.124747
385.643803,52,1730.614391
360.837735,49,1741.217389
342.433743,45,1750.810126
326.828793,45,1764.89702
257.253918,34,1769.116738
370.792616,52,1784.837935
423.06767,58,1803.868841
85.86927,10,1803.873839
350.112583,49,1807.416053
145.407134,17,1809.557426
343.771631,46,1810.021195
341.818781,46,1827.757428
328.759944,45,1835.406858
348.398344,48,1848.941406
224.124808,29,1852.887232
327.502044,46,1865.814694
266.926749,33,1876.611697
153.531912,17,1880.196094
354.843224,48,1891.468315
336.873888,45,1909.397274
303.622251,38,1911.844057
54.870751,6,1911.848702
340.473644,47,1922.609741
356.391713,50,1937.743076
158.274228,20,1942.630622
289.512738,37,1951.688044
333.583125,44,1962.705843
312.757156,42,1970.746341
361.574191,49,1992.329514
105.55573,13,1992.34595
273.059398,35,2003.141291
387.931943,51,2015.280124
288.881896,38,2015.819912
324.227855,43,2018.939633
328.321398,44,2019.852647
252.687748,34,2020.983973
287.814841,36,2028.824143
264.757843,35,2040.753176
357.701945,48,2053.990169
431.000235,60,2066.522563
324.351743,44,2076.211874
264.410574,35,2076.666468
154.968179,19,2082.582432
390.472075,54,2088.546167
346.022435,46,2103.346266
360.862711,48,2111.32355
327.712238,44,2136.640673
373.605095,51,2138.849236
359.567392,49,2154.758651
307.2658,40,2155.225838
353.48191,47,2161.965763
394.918915,56,2176.402525
364.437902,49,2177.355229
319.567305,44,2180.106999
114.14387,13,2186.969176
435.634836,57,2192.779443
288.128947,37,2197.158734
248.617353,31,2206.425422
361.872762,47,2211.215619
359.283742,47,2214.440114
334.288554,44,2219.916081
342.543978,45,2222.263394
300.819719,40,2226.98685
269.797351,35,2238.36207
385.078241,52,2245.310978
334.975323,43,2249.703178
369.918267,46,2258.494999
334.90058,45,2262.832447
408.74243,56,2284.077144
310.528661,39,2288.51401
307.264036,44,2305.39103
249.118334,32,2314.263111
393.317486,54,2325.527498
296.356608,40,2342.530675
395.398903,52,2351.525334
317.320868,42,2368.609634
352.288821,47,2378.237282
406.356326,54,2390.3728
241.040837,29,2399.208312
225.78003,28,2399.233874
307.229457,41,2406.020046
266.032522,34,2409.80387
326.172079,43,2420.851457
332.148813,42,2430.149836
245.904308,32,2438.399495
300.46379,39,2458.974303
334.039251,40,2465.69238
205.302757,25,2471.70817
459.3429,56,2472.501219
379.30775,52,2487.429428
237.28878,28,2491.729705
337.340379,47,2501.076612
342.764508,45,2513.253304
389.704179,50,2517.865098
180.21089,21,2520.202949
331.610464,46,2540.152788
327.187645,44,2542.797548
328.486191,44,2543.211904
256.701676,31,2555.280755
348.046305,48,2562.033928
338.87919,45,2562.576548
358.658495,48,2578.797714
245.926891,30,2581.209019
288.943377,37,2581.802247
290.749511,40,2582.353548
350.307848,47,2585.662247
334.689656,45,2599.171367
339.048342,47,2599.646065
297.805858,38,2611.845223
251.99588,32,2614.434776
345.876748,48,2624.766746
271.939224,34,2633.030691
374.67758,50,2644.823212
354.074691,48,2655.434239
343.726901,39,2660.452529
422.855404,57,2663.066263
410.261504,56,2678.082936
375.321432,48,2689.87849
322.374323,43,2701.351631
339.782321,44,2701.845553
172.367864,22,2712.470394
382.89727,53,2718.849164
362.081904,49,2738.90325
279.18221,36,2742.645648
131.588876,15,2753.269038
366.250907,52,2758.485877
370.280949,50,2775.501294
281.595202,36,2776.845933
390.163333,53,2786.374095
353.23035,48,2797.519336
387.62796,56,2811.042404
298.887665,40,2819.609246
369.065979,49,2837.240748
314.444519,41,2842.251245
353.969022,47,2846.947531
335.521296,44,2866.433417
375.885081,51,2872.289305
308.412017,41,2882.437853
323.399586,43,2886.251251
351.279808,48,2891.00179
392.522641,52,2900.007739
318.799204,43,2904.887979
268.643746,33,2909.145872
279.216712,36,2915.764616
314.626314,41,2920.096865
270.25738,37,2923.584227
306.714292,40,2927.372107
294.522783,39,2931.447506
263.721211,34,2941.98645
388.505397,52,2946.402903
348.42722,49,2953.713492
187.861476,21,2953.726946
356.629634,48,2962.443659
334.666553,46,2965.488755
292.183134,38,2969.326378
336.247654,44,2978.491553
309.588861,43,2981.5202
385.789349,54,2989.52497
161.625803,20,2989.538079
172.658304,21,2993.54519
380.017624,52,3000.055086
401.664434,55,3003.553822
363.433293,48,3010.702516
137.579718,16,3010.712407
356.046102,47,3018.225618
374.925305,50,3026.311769
373.74896,49,3028.844644
288.504442,38,3033.884839
334.152298,45,3040.973186
386.345474,52,3045.134597
321.289157,42,3053.667427
381.63428,51,3054.107076
356.538398,50,3066.980756
416.212498,58,3073.532494
383.797972,53,3075.221392
36.048232,4,3075.225176
337.46418,46,3082.781936
365.599223,49,3095.391694
355.99443,48,3100.70385
391.863026,52,3101.160635
364.238933,49,3107.679049
336.235228,46,3108.069775
90.745823,10,3111.696341
344.109774,48,3113.125282
320.990729,43,3118.044479
306.504474,40,3127.921635
383.11293,52,3139.532417
252.694712,31,3146.557565
378.375274,50,3165.350152
333.558714,44,3170.729788
265.503041,35,3179.113225
352.354138,47,3185.89564
348.107637,47,3190.487185
247.227958,29,3202.398275
368.48505,49,3225.012345
348.282406,48,3232.490001
360.489611,49,3245.445065
367.838239,50,3254.595448
312.817571,44,3271.639499
413.20115,55,3280.786382
383.168612,53,3289.331709
317.276834,43,3292.17937
331.789012,43,3312.260548
375.471664,51,3312.838175
413.657424,58,3326.082324
369.525579,50,3342.569346
287.788999,35,3347.425206
94.234163,11,3347.430636
290.307277,36,3349.989146
319.456697,41,3367.422542
446.088197,50,3376.985506
365.893973,51,3380.804728
348.312663,46,3383.967385
321.862888,42,3400.057849
284.900836,38,3411.130527
332.774252,42,3416.50334
370.204538,50,3430.147545
263.26761,34,3437.638318
343.4028,47,3445.336515
277.121548,36,3446.595923
364.504286,48,3464.815894
211.09892,25,3465.593777
344.588074,46,3470.265647
340.487263,44,3472.267493
356.001695,51,3494.184036
345.300353,46,3501.850314
357.682746,48,3508.132845
245.194178,31,3510.243196
401.47988,55,3521.899715
409.7285,55,3525.210314
338.034288,45,3537.056436
392.052547,55,3550.004515
384.661943,49,3570.504019
385.712501,52,3579.065164
373.787531,49,3583.400229
237.647728,29,3591.199836
323.653128,42,3593.355884
394.143247,54,3616.099071
309.212499,40,3625.104004
369.146417,51,3642.934818
329.63017,44,3651.364307
315.737663,42,3672.368521
392.605559,54,3682.844942
227.403782,29,3685.746895
389.591311,54,3695.964288
331.916678,44,3700.751581
319.571992,43,3719.186663
411.075951,58,3721.599083
297.844181,36,3732.377596
347.31163,46,3744.112245
383.431871,51,3771.609478
355.203882,48,3785.385518
358.091887,47,3799.113697
319.464925,41,3816.917505
396.33273,57,3842.617346
359.329356,48,3855.50045
333.871458,45,3869.403897
338.729697,44,3890.921954
376.083433,53,3891.363916
400.316542,54,3904.447637
294.564813,39,3908.980082
338.486632,45,3934.628051
343.30317,47,3948.319723
361.56017,50,3968.981686
351.090101,49,3982.652501
264.565638,35,3992.905257
341.348747,44,4006.413854
306.846955,41,4017.743281
370.084297,50,4044.227066
380.342448,51,4044.712047
392.859262,54,4060.485098
361.20044,47,4074.463163
380.581685,49,4085.057791
376.868042,51,4105.395054
372.125769,49,4109.913775
334.705473,46,4136.98989
249.521828,33,4150.745734
399.775891,56,4163.013122
323.19691,44,4163.93296
323.084709,42,4172.224483
331.500289,44,4172.625961
424.649256,48,4191.40371
326.232229,43,4200.754372
338.26001,45,4205.279996
226.81474,29,4219.035141
373.424368,51,4228.857234
176.527538,21,4242.557335
200.05946,25,4255.611649
377.634299,53,4268.456836
253.207956,32,4273.262878
278.037995,36,4287.26048
377.787162,51,4304.380247
353.264822,40,4318.032255
277.169907,34,4326.205319
340.591588,39,4330.862382
263.600192,33,4343.985373
378.332847,52,4350.233277
332.072812,46,4366.298314
309.278253,41,4372.088802
248.191663,30,4381.445445
386.357051,52,4386.682757
330.879228,41,4405.392658
188.369135,23,4405.413652
242.633444,30,4417.452837
332.12711,43,4430.85008
376.500474,52,4434.310689
327.362198,44,4452.553483
373.653854,49,4461.535875
328.912834,44,4479.862044
345.751277,46,4493.796956
411.584563,46,4503.576036
335.579565,44,4517.764145
329.286162,45,4528.217679
415.839452,57,4529.234937
394.380606,53,4540.097239
319.824872,42,4554.044083
385.055334,52,4560.054753
349.716711,47,4572.971778
368.380672,50,4599.77714
342.1955,47,4613.496791
380.25936,50,4633.693913
388.333642,53,4641.509394
289.744854,36,4654.399619
323.687823,46,4678.495676
229.828164,29,4688.437379
376.406712,51,4692.057045
323.982563,42,4709.152908
426.984712,57,4718.149758
224.441931,28,4732.218595
288.270366,37,4751.255482
237.745232,30,4751.27652
295.355863,39,4774.873151
333.17137,43,4779.843993
373.097795,52,4793.128667
436.888257,58,4802.792568
261.025764,33,4805.565839
283.40338,34,4825.153896
420.09394,56,4839.193458
365.656045,49,4867.032427
342.869977,47,4877.752791
80.811317,9,4888.847865
384.34575,52,4896.164637
279.416476,35,4905.188247
322.343965,45,4907.133834
241.615974,29,4918.555399
305.661253,41,4924.451922
200.500717,24,4936.53198
333.681152,43,4950.21417
390.739809,52,4969.316854
299.910834,38,4982.329228
243.886188,31,4986.398154
234.08002,28,4998.909434
313.260558,42,5012.735104
343.837892,45,5026.459867
356.406755,51,5048.589983
433.298213,60,5070.4309
378.55851,50,5077.33123
374.699038,53,5100.025693
385.764593,52,5115.965449
354.368473,49,5129.739795
362.521934,47,5156.540409
311.357544,40,5158.656471
381.006687,52,5182.526963
345.237478,47,5195.354292
271.286285,38,5208.96183
252.974868,32,5222.592314
394.466281,55,5250.005661
314.099844,40,5263.016372
342.719798,44,5274.891615
354.449603,46,5284.557873
336.72867,44,5289.767999
424.05157,57,5304.854332
303.924593,38,5318.531579
180.475291,20,5332.264613
422.893462,59,5355.037107
376.509359,52,5368.098289
297.600214,38,5372.532604
382.380358,52,5373.869172
393.031656,55,5376.954732
35.444449,4,5376.956789
403.618438,57,5395.296623
375.006129,51,5398.799649
332.961834,43,5411.675503
285.820302,36,5423.948722
360.900486,48,5427.720292
349.16184,47,5449.858213
407.904496,54,5476.955435
311.005349,42,5490.929183
395.032589,55,5517.967197
231.453282,29,5523.042674
368.476299,50,5533.65853
378.899803,52,5548.668038
341.567765,45,5558.438337
323.109307,43,5565.152165
143.453973,16,5577.94993
277.314295,36,5591.67437
340.612326,46,5610.923507
383.806702,51,5623.380166
394.693575,52,5634.78533
373.027868,51,5648.4625
252.946749,32,5662.427281
302.508346,39,5680.852431
327.840593,43,5686.719953
316.676895,43,5698.753149
416.669377,57,5715.823518
278.72021,37,5729.421013
359.691005,42,5729.890084
9.087438,1,5737.792593
405.083373,55,5745.414622
391.145961,53,5770.685198
345.239359,48,5782.724953
320.255383,42,5795.64227
298.663602,36,5804.153338
206.465891,26,5818.160711
384.515113,52,5831.313754
254.187314,30,5832.082548
325.881465,42,5851.461764
257.317733,32,5864.864783
257.937965,34,5872.399635
373.323123,50,5886.076263
353.050259,46,5908.740971
248.852441,32,5922.390013
388.483147,53,5936.09404
321.088698,42,5963.147774
343.384892,43,5970.591301
412.307465,58,5978.308214
360.804863,49,5980.501201
353.311595,48,5997.365
393.163699,51,6011.112281
379.356488,51,6038.53723
358.10086,49,6042.970225
196.116211,24,6043.467267
348.645094,46,6057.247081
416.119078,56,6066.529418
380.266361,51,6094.345115
289.466266,39,6106.912674
364.657883,48,6114.45632
306.483614,41,6123.444763
365.577699,52,6147.691745
279.325272,37,6154.924784
414.320271,53,6159.682047
381.417475,55,6179.258969
297.204338,37,6179.736273
412.556648,56,6205.859953
314.522201,42,6219.593508
382.714198,51,6247.007353
132.960621,15,6247.014777
304.703449,41,6260.127712
384.437515,52,6274.116997
235.993276,30,6278.758393
384.20255,52,6300.874666
394.455606,54,6314.362765
295.670655,38,6314.809073
218.86492,28,6325.623604
388.454806,51,6332.426169
368.172931,49,6358.396379
333.92177,45,6372.16327
418.650363,58,6400.084589
364.014499,49,6420.855251
375.647762,48,6430.517692
380.667031,51,6450.458927
318.666508,42,6457.438648
274.057982,36,6457.831714
357.801777,50,6468.872086
343.951833,46,6481.693756
381.758491,53,6509.058169
344.660876,43,6511.102682
337.493733,46,6523.78829
325.673765,43,6546.309354
390.340688,53,6549.053302
349.612349,46,6576.221513
231.752471,28,6590.29332
375.509677,50,6604.263858
268.812642,33,6612.611478
363.627482,47,6620.986207
346.476379,48,6635.045904
327.304488,42,6644.615189
393.051941,54,6652.018782
322.535833,43,6679.397316
325.078632,43,6683.236888
420.872727,58,6706.811133
381.78272,51,6720.784284
248.008706,31,6734.525897
308.882638,40,6762.517358
308.13567,42,6776.452243
367.082277,48,6789.521711
316.692434,43,6817.50965
367.340207,51,6831.49486
173.648688,21,6835.605169
358.661731,48,6836.598014
316.04961,43,6849.407586
401.817564,56,6867.683262
294.516326,39,6877.870361
309.072848,40,6891.224917
415.168588,56,6917.360934
209.765221,26,6931.034786
347.900809,47,6944.70359
108.752823,12,6946.765258
333.34481,45,6958.633297
219.466406,28,6972.397599
273.262301,34,6974.355911
261.730932,35,6988.352114
362.882384,49,7011.86668
327.127261,44,7015.262112
243.498517,28,7028.992252
330.376369,41,7043.007822
348.064202,47,7056.349724
379.166589,51,7063.510043
171.655598,21,7065.792418
342.483165,46,7079.4599
238.82843,29,7093.155492
187.095112,22,7098.6256
230.568004,29,7106.854017
324.975705,43,7120.543284
357.547842,47,7126.676245
388.966342,55,7128.994942
391.425527,53,7143.195626
228.044779,26,7155.185134
369.055992,50,7155.626125
368.023056,50,7182.027688
188.704148,23,7194.371682
333.41035,45,7203.012366
359.837553,49,7216.685493
333.759742,43,7242.265168
340.310978,47,7244.424356
357.967606,49,7245.220285
184.526532,22,7256.309855
236.894425,27,7256.322631
306.064846,41,7266.16989
262.046875,34,7280.183707
322.611453,41,7288.245151
405.711093,57,7308.719147
430.04693,58,7336.12868
429.856466,59,7349.821571
347.934115,46,7363.274636
312.556298,42,7375.75504
325.427946,44,7403.168429
291.463892,38,7404.479028
365.877003,52,7404.94117
400.246973,56,7419.695359
327.90593,44,7423.313808
340.568619,45,7444.029052
395.669208,53,7458.304235
337.279437,46,7470.840118
313.070187,41,7481.685599
388.597809,53,7485.25439
161.655202,20,7498.218149
372.08881,50,7511.865431
321.797243,42,7516.06743
328.321493,45,7541.706739
288.650876,40,7550.351779
343.729366,46,7565.802173
352.309859,47,7578.511917
245.863436,31,7588.34808
225.819328,27,7588.792856
307.893768,37,7601.858389
339.590318,45,7603.95924
411.747385,54,7604.815367
363.759603,49,7605.765892
366.744244,50,7606.25631
326.343051,41,7620.218576
414.680017,57,7636.576688
324.607902,42,7663.161885
206.81298,27,7663.174981
268.058542,35,7676.840642
271.375231,37,7693.464033
331.022171,45,7705.970434
321.050229,44,7719.97744
276.857436,35,7731.872034
291.182439,36,7758.920177
379.378801,52,7772.248117
451.592558,58,7785.858239
324.879217,42,7799.768625
267.462891,35,7811.655655
376.913437,52,7814.632634
254.660629,33,7826.856152
223.097773,28,7828.04052
384.866309,52,7828.891945
340.545724,43,7841.921143
335.38463,46,7855.91309
290.448654,38,7857.443047
413.516713,56,7862.011649
397.492845,55,7877.006869
317.688904,40,7881.639191
371.278408,51,7882.487239
363.523774,49,7882.88346
282.384436,40,7884.345654
311.744051,40,7890.255832
320.20713,41,7901.247557
353.49912,48,7915.039016
369.780399,51,7925.252657
393.48978,51,7939.70268
332.253686,43,7951.55384
366.255889,50,7965.561346
404.221547,54,7978.398048
306.592158,41,7996.8025
326.63419,40,8009.801036
334.780325,43,8023.813711
343.71105,47,8047.491628
302.024414,41,8053.033118
386.035737,52,8079.419173
386.629579,53,8087.957597
271.565378,37,8096.696628
294.282423,39,8100.452851
312.494946,39,8108.260339
269.059208,36,8121.649037
322.648398,41,8133.476928
355.654065,46,8145.827802
333.178742,44,8158.954245
332.637292,47,8164.946661
252.654103,31,8165.58662
238.494702,30,8179.291738
208.609131,25,8179.303676
335.155483,47,8206.615707
344.269716,44,8220.267707
323.955885,42,8242.82953
216.734131,25,8242.841569
384.857306,55,8262.779632
264.883915,36,8276.447022
340.778136,47,8303.81357
366.875615,50,8317.492457
259.944549,32,8326.467514
368.089758,50,8344.530064
401.793672,52,8349.110627
430.407183,57,8376.270535
384.756175,52,8404.249053
401.164756,56,8432.074582
126.775552,15,8432.081831
185.379534,23,8445.507751
337.110533,45,8453.431499
394.845832,53,8457.659302
402.386953,55,8460.552457
290.080685,38,8461.40203
291.753962,36,8466.819175
380.260995,52,8480.54433
369.128904,51,8501.152648
258.147765,36,8504.470818
286.507332,36,8507.787956
319.85494,44,8533.962531
277.105959,34,8540.186464
372.68903,50,8540.621691
302.416052,40,8551.562454
347.688303,47,8561.852736
170.463712,20,8564.653953
396.089648,53,8565.227469
320.175013,45,8587.075481
139.535581,17,8587.083829
246.559516,29,8600.806764
288.094563,37,8609.538418
376.207892,50,8620.940601
372.0592,51,8622.303818
413.487696,58,8646.916821
294.629669,41,8653.887411
382.698831,52,8667.95603
271.659364,36,8681.989331
277.617997,35,8684.823719
346.698932,47,8689.397411
294.519805,39,8694.890495
69.651106,8,8694.894404
377.322722,51,8711.880118
141.04571,18,8711.88866
299.178945,39,8733.080913
234.310807,29,8747.067125
60.481706,7,8747.071002
293.317528,38,8754.351738
379.705394,52,8764.097431
246.62482,31,8774.82582
394.077168,52,8779.932972
352.975317,48,8794.10072
365.856519,49,8807.757372
347.317053,45,8811.976928
291.922747,37,8822.273185
327.740417,44,8832.118637
336.854162,46,8859.190036
257.838453,33,8863.584526
332.300339,45,8873.691936
304.026994,38,8886.929076
370.77548,52,8914.726762
382.614833,50,8916.593904
249.054523,30,8919.874359
350.154615,48,8944.409948
317.814814,42,8957.591922
424.22183,57,8982.111491
377.9417,50,9009.372447
385.906476,52,9022.869898
306.69172,41,9036.880998
378.726893,52,9059.718717
322.412198,40,9064.538768
296.234747,38,9064.95312
340.156328,45,9068.798884
299.029011,38,9081.080938
402.175797,54,9108.951945
342.644593,45,9122.941419
409.100363,57,9149.783079
367.832192,49,9158.353313
352.046309,48,9184.419816
180.1246,23,9195.823014
401.923007,54,9198.9658
400.239914,55,9224.009723
369.247875,50,9244.396914
253.265091,31,9255.634945
331.888347,46,9269.500961
359.820236,48,9277.81284
250.157036,32,9278.235717
265.919049,36,9283.957319
317.924266,42,9294.970325
281.504505,37,9307.002979
274.926062,35,9321.015182
379.263963,53,9348.961536
370.974356,52,9374.61117
301.93482,38,9388.579154
394.769331,54,9401.439757
303.068134,41,9410.121607
251.337612,31,9410.623069
411.098938,57,9420.940048
435.016543,48,9447.700249
272.676217,34,9448.193832
348.364665,47,9460.99915
338.032806,43,9468.049634
412.415039,51,9471.603499
350.563829,47,9496.073025
312.559876,41,9506.743345
289.556459,38,9507.287542
396.024239,54,9519.952617
342.602836,45,9533.271157
272.633906,37,9560.845477
407.127754,57,9574.246713
344.283575,47,9588.50945
309.40774,41,9591.314419
357.346503,50,9604.686718
298.183417,39,9617.23271
356.106091,49,9625.436623
378.389447,53,9645.847308
347.839431,47,9660.228436
346.885649,48,9668.045943
231.731537,30,9673.702153
384.029422,54,9694.540312
352.267317,48,9697.657444
378.597536,50,9710.810202
353.634388,48,9723.045003
320.912466,44,9747.153877
405.505015,56,9760.818741
325.630261,42,9768.883826
359.116274,48,9773.44599
401.547035,57,9784.885593
380.792691,51,9790.326103
258.308115,33,9803.03911
427.7096,59,9816.141455
336.048917,45,9832.659523
409.937954,57,9833.52845
347.892129,47,9834.034756
333.027388,44,9846.065708
348.537086,48,9873.197532
217.875821,27,9886.74316
404.228116,56,9906.59422
335.503085,46,9918.22435
314.617367,40,9924.444188
339.636121,47,9936.874681
311.906217,42,9943.299005
380.629057,53,9954.947688
252.131366,34,9955.521842
319.252617,44,9967.699278
363.178077,48,9993.651591
385.187779,52,9994.977285
399.816805,55,10021.422678
304.024716,40,10033.002998
335.295391,45,10052.969593
192.731733,24,10052.980874
316.830866,43,10071.055131
375.112022,50,10075.62901
288.14604,32,10083.315189
355.618838,47,10100.059186
230.86636,29,10107.902118
299.940653,39,10121.644116
128.090164,15,10121.65132
327.992408,44,10132.651391
291.648622,36,10142.182318
360.861674,51,10155.972246
308.582261,41,10183.593111
90.281963,11,10183.598796
183.400955,22,10197.301797
220.194761,29,10211.170216
329.256491,43,10215.461484
424.670611,58,10233.109599
406.269826,53,10246.896439
352.563021,46,10267.730103
394.732581,53,10295.310617
300.598827,39,10309.107942
311.668986,40,10310.51643
386.078391,53,10317.96283
236.544179,30,10330.913404
315.815076,41,10334.349468
425.392709,58,10361.254584
275.762687,36,10362.518136
299.579346,40,10373.366691
386.335754,55,10399.604687
269.138776,36,10413.408271
330.251928,43,10427.233262
322.21967,43,10452.407103
345.745019,47,10461.882317
362.117665,49,10488.704125
339.695499,48,10498.945533
339.918184,47,10526.291059
263.134733,35,10539.175666
328.091141,40,10552.253624
205.436229,25,10555.532335
321.798001,41,10569.260229
326.305257,44,10576.889943
441.307551,56,10577.837342
355.75053,49,10584.20278
271.449314,37,10596.349494
342.304615,46,10610.178619
98.896467,11,10624.003091
347.003681,46,10628.083175
260.291791,32,10630.287666
333.164585,45,10642.133761
44.106911,5,10655.567997
301.958195,40,10669.39471
410.421826,55,10688.402347
280.417195,35,10702.282518
393.992348,58,10714.567392
411.842754,57,10737.060542
399.56238,54,10760.331991
267.034216,31,10770.673168
291.844482,40,10778.698905
372.453479,48,10796.914636
324.906206,43,10807.598523
353.030521,48,10828.689918
368.148501,50,10842.116645
346.678952,47,10858.382292
389.830666,49,10871.501238
388.440618,55,10896.037795
262.681245,35,10909.925555
357.642257,47,10923.127603
317.048935,39,10941.379682
359.843383,48,10954.408597
378.321451,50,10979.271407
399.242876,54,10993.054729
356.63831,48,11006.905163
373.295316,51,11017.775433
256.998099,33,11026.663893
351.507555,47,11039.185944
366.131011,50,11046.086915
278.624223,38,11058.016747
412.950305,55,11058.50688
357.112811,48,11074.207706
242.361049,30,11088.094138
235.260234,29,11096.718296
404.659274,53,11108.279527
397.433664,55,11123.642757
287.242479,38,11136.182913
337.530248,45,11149.783032
322.128018,42,11153.034882
373.95397,50,11174.627156
342.403925,45,11185.610791
355.056957,47,11188.572542
331.019706,44,11190.769373
191.858355,23,11199.229422
353.800217,47,11212.301347
306.886735,38,11218.075378
363.016134,48,11223.464542
354.198005,49,11237.093368
281.479291,37,11250.920952
242.864714,29,11254.65872
341.993487,42,11265.952845
388.398323,53,11275.148849
108.553849,13,11284.606561
327.593394,45,11295.35433
348.970491,47,11298.981616
383.960863,50,11312.798526
332.881384,41,11317.641756
361.271129,48,11343.315756
326.698132,44,11345.574273
150.310675,17,11345.954726
276.500112,36,11348.941473
142.522971,17,11348.959896
371.548083,49,11371.013625
166.403335,20,11371.507155
345.229078,45,11382.805364
352.940917,49,11401.927208
363.206081,49,11406.056009
170.459607,20,11413.180607
340.659614,44,11413.74678
357.659684,48,11423.343099
309.553844,43,11424.549628
343.331852,47,11426.726743
357.072485,49,11427.650178
351.568776,48,11435.368348
383.142079,53,11454.433939
360.853801,48,11480.482606
321.445482,43,11494.331326
374.507221,49,11508.232362
362.782655,50,11510.809302
416.440172,58,11532.188846
320.746569,41,11535.29836
370.590138,52,11560.26339
379.535077,49,11574.025034
378.52718,52,11593.020816
348.037521,45,11606.03529
325.527669,43,11633.58347
418.715414,57,11647.398849
397.518408,54,11673.373324
385.420342,54,11699.955954
339.580946,45,11704.775181
345.730047,48,11729.544539
358.678753,48,11740.148386
327.327962,41,11745.037131
326.151743,45,11771.4813
392.386813,57,11782.525631
295.28511,38,11796.417799
364.513175,50,11810.191806
405.156265,56,11837.439576
341.101208,44,11854.273006
365.232347,48,11854.707771
338.242363,46,11866.279985
270.087976,35,11882.723021
364.523095,49,11895.725086
186.758149,23,11903.660394
276.168347,36,11904.975326
343.893663,47,11917.180713
403.687421,58,11936.380242
355.983911,50,11963.170641
371.302686,49,11967.507954
219.551937,29,11978.285534
224.348224,28,11981.357844
155.128882,18,11993.831922
359.349297,48,12004.122007
351.067511,49,12172.08603
311.212707,39,12172.590853
405.866983,56,12196.261446
343.550671,46,12202.678928
208.42876,24,12210.884787
325.389901,42,12224.808337
301.549303,38,12238.67364
351.94036,47,12266.110949
401.482398,55,12292.375226
275.381879,38,12301.988679
372.379792,51,12306.357305
336.165682,43,12319.844439
409.409872,56,12322.43118
411.833415,54,12347.508144
364.750083,48,12365.373425
435.328307,59,12379.170365
331.940214,46,12379.960908
394.706092,52,12382.537422
301.659551,41,12383.162976
281.032043,35,12395.524751
324.277142,42,12407.832619
303.116135,41,12420.004327
424.01362,58,12436.585459
324.424073,42,12445.869273
187.524911,23,12445.889233
378.000403,50,12457.873152
368.073381,49,12471.659039
331.206899,44,12478.565563
241.155825,30,12491.252753
303.526521,40,12505.047311
349.451392,47,12518.882525
361.835491,48,12535.139501
277.40307,31,12545.192071
389.189621,54,12560.939279
399.584363,55,12574.758701
264.768919,34,12582.007994
228.236241,29,12593.163032
375.467811,49,12620.742776
153.524963,18,12620.752666
319.258129,44,12648.321745
393.09006,54,12662.09167
361.297489,49,12672.954322
344.34755,46,12685.802192
349.314473,47,12710.854088
371.803574,48,12724.733085
265.52048,33,12738.051792
308.090556,43,12765.6354
335.747602,46,12766.535405
204.713159,26,12770.176866
251.746819,32,12770.705292
293.023222,40,12777.177808
359.029418,49,12778.029452
331.08362,45,12779.387377
294.199869,40,12787.342591
345.674374,46,12810.014066
326.78512,43,12823.920641
320.091427,41,12844.155783
333.860485,44,12844.933475
396.211273,55,12870.852688
339.656913,47,12884.647501
303.115662,38,12892.847476
342.859129,45,12913.424745
266.878089,33,12922.738024
252.219805,32,12936.568256
382.852711,54,12950.283451
354.960212,48,12974.205587
375.45954,52,12991.537819
401.461233,58,12992.034195
371.414981,49,12998.919802
407.934196,58,13017.928197
309.221845,41,13024.275794
348.957118,46,13026.004
368.042664,46,13039.124066
348.572043,47,13039.887672
387.374296,54,13041.322433
318.854223,43,13052.745586
277.382822,34,13066.47875
419.1683,57,13085.362776
295.040484,40,13098.22654
287.893908,36,13125.676288
356.82891,47,13136.525295
195.787842,24,13150.248549
104.486964,12,13150.254546
276.728361,35,13157.995458
364.031534,47,13184.727574
259.344731,32,13191.355808
361.79256,48,13204.329838
399.822866,57,13230.687389
270.128267,34,13242.367215
350.159895,49,13259.529012
296.133441,39,13268.06802
361.797297,47,13282.015038
305.123403,41,13308.205498
393.068338,53,13320.295177
295.56724,38,13334.016362
349.170344,47,13354.943591
505.019252,58,13373.820213
403.504172,56,13378.670996
385.072021,52,13391.985707
392.732849,53,13419.535257
237.631751,30,13432.323921
351.717546,50,13446.056578
269.304412,35,13459.865517
318.287276,44,13479.739397
264.187829,31,13493.062899
387.429557,53,13506.826504
346.323493,46,13526.632982
294.083686,39,13540.551073
327.471481,43,13554.387437
367.956495,48,13566.729706
317.88393,41,13572.836241
377.211152,53,13590.619213
389.589471,53,13604.399328
367.660324,51,13616.558865
362.644129,50,13638.827767
402.553732,57,13645.085166
343.953979,45,13665.866737
379.243164,52,13679.709564
299.309283,40,13692.491795
340.392331,46,13693.769873
254.581582,32,13694.194015
419.179962,56,13708.399551
350.342051,48,13721.36112
251.503078,30,13721.867979
306.660928,42,13745.375867
289.469849,38,13751.492244
403.349454,49,13757.266797
396.493259,52,13773.029376
324.167186,44,13784.856676
268.781183,33,13798.520093
276.782586,35,13812.274258
363.758714,49,13839.758524
232.344602,29,13853.44732
300.056697,40,13867.233509
303.171477,43,13880.454526
53.475934,6,13893.568588
310.705609,38,13907.361267
285.615422,38,13921.085132
405.57699,55,13948.615799
376.368267,53,13959.699424
339.822966,45,13980.220006
262.356473,33,13993.96062
224.956402,28,14007.33587
365.444069,51,14011.713127
292.228469,38,14025.497681
313.07364,35,14046.078174
359.027268,49,14058.424249
294.091921,40,14058.807981
186.515297,22,14059.239337
397.110114,53,14069.735822
388.452629,53,14070.16775
307.074203,40,14089.550532
337.020101,44,14103.440427
237.856274,31,14115.050415
384.294732,52,14130.029051
293.247525,39,14130.4612
392.174848,55,14133.866489
421.745917,57,14154.304172
396.201329,57,14177.273341
338.548434,46,14188.389766
336.136671,43,14215.870297
199.525165,23,14224.563277
293.498405,40,14228.577275
350.915708,48,14242.309147
342.144105,43,14256.929997
344.281941,47,14270.710558
173.975068,22,14281.702006
390.18467,55,14305.423262
366.403888,50,14310.876933
413.377642,59,14331.99757
387.447926,52,14355.111047
379.24617,50,14359.530372
363.062751,49,14384.333018
309.557353,40,14395.236207
279.432463,36,14407.557769
246.48846,29,14421.04789
366.931333,49,14434.848153
416.499401,53,14462.439876
244.818436,29,14473.048846
357.636054,46,14486.782817
291.100608,39,14504.536667
323.368874,44,14518.300666
349.919315,46,14529.003059
271.129215,34,14553.480731
373.042101,49,14563.087954
385.435154,52,14579.334368
322.241326,43,14580.146688
307.582201,40,14593.69686
292.412208,38,14599.119977
360.345595,47,14619.692145
333.399688,46,14632.887103
395.612124,52,14652.589355
305.22774,39,14662.96263
168.894641,20,14663.385796
347.987017,44,14668.320009
395.343997,54,14687.511889
334.938975,44,14690.488244
343.007207,44,14709.116731
246.419773,32,14722.930732
338.610063,45,14731.064655
251.279363,32,14735.238092
269.175803,35,14747.383543
265.973362,33,14760.2881
357.391276,49,14781.421529
291.522596,37,14795.280277
368.793289,51,14798.901511
244.473636,31,14812.803596
295.550322,40,14835.327007
403.736859,56,14844.422492
391.094227,52,14858.094368
179.990046,23,14871.712862
139.22833,17,14871.720927
379.491866,52,14899.317308
322.955058,41,14913.100582
317.20275,42,14936.331219
263.301386,33,14949.094387
335.958966,47,14960.182527
97.442046,11,14960.18786
284.156315,38,14984.795434
315.801739,40,14995.339866
247.677346,31,15007.60283
337.298584,45,15011.841371
310.128928,43,15038.601923
344.967721,46,15052.39835
343.628478,48,15062.252808
305.972145,41,15074.080719
269.195892,36,15084.17908
355.390555,48,15097.65902
187.741649,21,15109.950737
259.892635,31,15110.38243
294.642017,39,15123.478026
347.958456,46,15138.964206
270.986966,35,15142.957139
302.108658,39,15143.437489
197.538733,23,15143.861934
319.625152,43,15144.281134
290.135244,36,15144.689067
375.61713,52,15149.228068
330.538055,42,15162.086084
372.458844,51,15189.560856
309.415381,40,15196.849337
347.787417,47,15210.552685
354.072332,48,15238.124931
331.979538,46,15250.959835
400.667418,53,15277.602262
311.042702,39,15282.247042
375.065386,51,15305.319616
336.657769,46,15310.569815
380.300487,51,15323.141888
211.749733,24,15336.095001
334.917077,44,15349.971126
340.327222,46,15360.14012
334.340467,43,15377.015741
362.159688,51,15377.458498
310.498103,41,15380.17101
240.933631,31,15393.98125
403.15571,57,15407.722934
262.460967,33,15418.769488
289.102249,35,15442.989759
329.575563,44,15445.561851
341.871015,45,15458.104317
339.992188,43,15468.211703
411.128934,57,15481.967211
380.21802,53,15498.294575
394.474069,55,15513.99703
394.710191,53,15527.009716
330.537997,43,15553.368451
340.061327,45,15559.296533
377.711005,52,15583.759122
312.094931,40,15597.544561
410.614047,57,15618.837061
305.111056,41,15625.667089
368.26663,49,15644.552451
366.838021,50,15649.301852
424.285215,57,15666.77646
192.955557,23,15679.066748
227.6494,27,15683.427395
284.606393,36,15693.148748
383.151412,53,15697.260048
204.25648,24,15710.89977
346.666113,48,15729.578
242.211442,31,15743.439715
416.822869,58,15749.874184
198.447855,24,15763.761568
379.893304,53,15787.914716
233.950683,30,15801.79705
407.178334,57,15829.465467
406.494981,55,15835.479724
310.02449,40,15845.35208
285.717238,36,15873.173946
328.150853,44,15885.983237
319.69395,44,15894.887176
364.264648,50,15919.84947
376.526021,50,15933.634838
394.24688,53,15941.333575
280.710106,36,15943.205293
341.357507,44,15962.668824
324.077197,43,15965.36242
353.31714,48,15979.276847
220.505485,27,15993.180243
358.711651,49,16014.042414
410.177878,56,16041.840152
404.140927,56,16055.778037
322.395659,45,16083.239717
381.423599,51,16084.70222
206.967087,24,16085.045691
414.951651,56,16088.117554
224.741271,27,16101.204408
341.209923,46,16107.217924
366.643672,52,16121.619014
345.980246,46,16122.075744
317.391576,43,16138.355923
337.367797,47,16150.647656
307.89189,40,16164.352781
338.404119,45,16192.05645
274.84339,33,16205.838481
359.931755,50,16219.989246
305.085118,41,16248.139167
157.187481,19,16248.15305
215.188945,26,16257.681546
337.590109,45,16271.566971
287.448821,39,16290.715438
322.78622,43,16303.675708
178.422389,21,16317.859374
443.418915,60,16320.003619
332.663242,45,16345.318033
377.494787,52,16359.490811
252.058662,34,16387.559362
393.862144,55,16401.734918
360.393999,51,16429.947502
367.187462,50,16444.04871
265.12004,32,16444.796466
278.162383,36,16472.631007
363.200433,49,16483.948124
379.842968,52,16484.705391
316.988494,41,16485.133749
388.012347,50,16486.124468
393.276984,52,16487.476518
324.459999,42,16489.538604
398.166219,53,16503.570051
433.156298,60,16529.902462
326.768031,42,16544.093984
356.689875,46,16569.160874
292.917379,39,16583.323859
356.058199,50,16611.648113
347.278957,47,16624.370032
390.430396,47,16638.5747
339.690366,44,16656.00995
318.117734,41,16656.438731
374.093147,52,16683.006814
243.437247,31,16693.587974
275.087881,38,16701.892737
325.505386,40,16702.362819
466.625549,53,16715.853002
339.929382,46,16729.893208
353.45554,48,16757.792547
402.435468,53,16771.766448
365.941951,51,16787.323279
235.25103,29,16799.093445
396.865384,55,16827.048321
384.640162,52,16827.399362
317.877984,44,16828.182301
380.033938,52,16828.725551
378.042598,51,16847.788387
344.373639,45,16860.904909
381.196507,52,16875.45502
250.753308,32,16882.218756
373.19755,51,16896.187271
405.25488,55,16924.153888
263.027675,33,16938.129039
272.586847,36,16952.110729
307.790202,41,16975.90391
373.788518,50,16988.183808
399.15272,55,17015.565372
373.473338,49,17022.436663
392.748686,54,17043.867678
400.890433,56,17071.832002
338.727337,46,17080.159235
352.95684,47,17089.089816
335.529404,46,17093.410886
407.275839,54,17103.551796
403.027418,53,17110.60627
246.168052,29,17110.623464
418.761112,57,17120.711528
346.786653,45,17126.65581
141.31753,17,17126.666533
341.405461,44,17135.108994
395.077507,53,17141.082813
190.83594,24,17145.531997
423.435157,55,17157.075923
340.502914,45,17161.165254
96.602168,12,17161.17299
394.553402,54,17170.332296
332.650668,46,17177.3786
318.987566,41,17182.012575
355.420748,48,17185.073215
378.762287,53,17192.07145
316.244868,42,17197.702713
353.187098,47,17205.955977
317.378661,43,17210.683514
372.763709,51,17216.536163
319.931687,42,17220.874681
284.223072,36,17224.663919
367.174451,48,17230.963524
296.076678,37,17236.588271
386.233216,51,17245.385184
287.056882,39,17261.081115
421.463088,57,17268.091651
264.288248,33,17275.225515
207.635631,26,17289.250789
190.083404,24,17296.909467
160.073157,19,17310.239507
346.45904,47,17324.299789
299.947925,39,17337.303646
245.883423,32,17351.288846
328.19714,44,17379.238832
326.278932,41,17393.219005
255.370289,32,17407.151846
420.133556,58,17435.047523
400.905551,56,17459.064759
340.715959,43,17471.951801
526.233189,59,17494.866348
357.109352,48,17503.005564
304.443221,39,17516.270949
236.436427,30,17530.23195
364.582389,49,17558.378629
323.237546,41,17563.614034
306.387232,42,17583.009994
307.126019,41,17588.508738
214.864232,25,17597.177647
393.05386,54,17611.175179
239.836435,30,17625.133864
322.590117,44,17647.579939
321.520609,45,17661.645919
384.925237,54,17689.799591
185.995615,24,17689.815954
348.763085,49,17712.530977
377.402134,51,17730.255464
392.077121,54,17744.279183
231.450082,30,17751.79023
381.283983,50,17761.893862
357.508661,46,17775.888417
282.770482,39,17789.869732
267.397434,34,17801.957574
359.109705,48,17829.084445
407.549006,56,17850.657245
315.295418,40,17864.778864
115.398229,13,17864.785478
372.062937,50,17874.402497
364.906517,48,17878.190887
357.284546,49,17896.254521
350.573888,47,17902.961666
376.861907,53,17931.11734
338.062033,44,17944.954876
267.317994,34,17970.732561
313.086499,41,17984.707648
343.499632,46,17992.199569
368.473821,50,18019.090683
302.967666,40,18033.184127
374.087775,50,18061.415737
343.511154,45,18064.674453
393.763793,51,18086.545787
282.7918,38,18091.34533
273.30715,31,18099.736413
383.028124,52,18112.961349
361.452153,49,18140.235313
339.783123,47,18145.684396
388.482694,55,18164.991705
354.691606,48,18193.055043
313.130022,42,18207.219405
360.568908,47,18220.684113
208.893484,27,18233.037306
199.927081,25,18239.422059
289.780444,40,18248.393867
340.783325,47,18266.846654
262.299322,29,18279.221747
305.124714,39,18293.294944
321.650854,44,18300.75245
326.873861,44,18313.268932
401.800466,56,18325.611279
329.429271,44,18353.778773
361.891068,48,18359.795161
259.336442,33,18373.001761
334.485903,45,18400.043412
431.933543,57,18409.788429
292.157565,39,18435.327452
326.605179,43,18435.720879
396.950792,54,18443.936856
393.386691,54,18456.38024
398.443607,55,18473.830958
242.86631,32,18474.297994
300.690447,37,18478.19092
387.335216,52,18484.792197
396.805332,54,18485.727727
209.378042,24,18485.739225
317.149862,42,18499.965406
315.539329,40,18513.250989
345.940625,46,18521.699302
325.170349,45,18544.23062
332.989582,43,18555.22103
331.759565,43,18555.726121
169.386198,21,18568.104694
406.845121,54,18595.128647
374.390775,52,18609.053342
350.405204,48,18633.143353
353.056815,48,18633.830795
348.801221,46,18654.417491
308.564993,41,18668.199647
366.046419,47,18691.029282
303.793879,40,18702.163955
423.919273,59,18730.034169
368.762655,51,18743.962946
231.527655,28,18757.894824
343.337414,47,18778.264115
336.647825,44,18784.38784
304.617275,41,18794.86829
344.131946,47,18822.234816
297.415924,40,18834.748174
321.833373,42,18847.813391
334.864564,47,18863.780021
396.060029,56,18872.440601
222.891054,28,18872.461517
424.612283,56,18879.810696
102.988995,12,18890.3289
327.304265,43,18904.25109
255.312849,32,18918.203418
362.007398,47,18931.623284
276.140147,35,18944.82855
362.177898,47,18964.572562
283.70041,37,18977.257138
273.429169,35,18990.849471
270.810996,34,18992.113423
266.288043,34,19002.801301
432.256528,57,19024.089544
307.178389,40,19038.090173
340.934092,47,19066.024201
318.377782,43,19079.966599
331.450778,44,19088.702452
245.020848,32,19089.331622
348.565051,45,19105.664368
333.924256,43,19119.741438
238.206122,29,19133.706656
364.85711,47,19161.698027
386.925,53,19165.330798
209.417203,26,19169.143835
326.421537,44,19182.282211
336.469014,47,19210.198182
364.425699,51,19238.112941
395.471438,53,19252.104498
326.580313,44,19276.735684
365.999474,49,19290.746695
321.183682,41,19304.729189
179.402716,23,19317.243484
371.059954,49,19330.094505
401.378284,55,19330.617491
387.665747,51,19336.074821
252.303883,33,19340.607054
281.149318,34,19353.671406
340.526378,45,19365.922197
241.619239,28,19379.886131
207.500852,25,19384.696263
421.068015,59,19406.406568
386.62847,53,19432.626593
375.560108,51,19445.370307
337.855899,46,19459.455911
377.577652,51,19466.049022
302.020287,39,19473.023593
361.162327,48,19494.464588
266.2664,34,19507.028533
379.113421,50,19527.421603
329.636892,43,19541.328562
383.930008,52,19555.772274
322.094744,43,19556.200306
322.492189,42,19559.532199
384.155718,51,19573.862861
302.066069,39,19581.626395
319.934239,44,19583.841386
284.953207,35,19596.920097
284.366252,34,19624.793504
431.750631,59,19638.762309
268.299959,33,19652.723871
350.983291,48,19675.096578
294.364828,38,19682.205768
271.285614,37,19691.201448
328.245715,44,19714.988882
367.378808,49,19720.726466
340.72297,45,19725.54161
343.166539,47,19738.797823
330.292609,46,19747.957912
154.044259,18,19761.943859
245.036947,30,19775.957841
298.974946,40,19790.019266
316.686293,40,19804.002986
371.248785,51,19832.101401
338.441914,45,19846.092968
319.339426,43,19863.93592
377.495984,52,19874.080196
253.587597,32,19888.106697
211.971605,26,19894.279204
288.297134,40,19904.09714
322.831378,40,19907.94259
263.522154,33,19921.3757
242.429597,30,19934.619919
334.370971,46,19946.712816
378.794587,50,19964.666924
385.052686,51,19970.500587
294.617429,38,19983.712165
346.059088,47,20002.44214
388.217109,54,20015.193425
396.07539,54,20029.26214
327.29157,45,20057.332766
374.748009,51,20071.363633
353.305564,51,20082.493627
225.084366,28,20094.939455
319.744179,41,20103.848785
340.554318,45,20113.983819
402.967665,57,20131.039953
373.461236,50,20159.099776
336.35638,46,20170.996618
165.214413,19,20184.264293
236.62356,31,20192.250823
395.741191,53,20206.487174
402.965969,56,20219.448267
409.999516,56,20244.358202
313.889082,41,20258.363678
409.435779,55,20286.434663
297.30187,39,20293.619754
357.498344,48,20319.152326
336.371219,45,20332.303371
99.363944,11,20332.308706
335.671674,44,20345.985413
370.769151,51,20358.978434
365.469522,49,20368.482755
369.360837,49,20374.069153
281.01339,35,20395.741895
352.844655,46,20403.824217
299.790774,40,20416.91876
305.555725,41,20438.052297
389.360693,52,20438.955379
355.635544,47,20452.064264
366.52123,52,20466.043538
273.247396,34,20480.088913
366.637455,49,20508.011747
448.773924,50,20522.053378
352.196189,49,20527.991965
301.648754,39,20540.735162
336.206883,43,20566.916559
366.659995,49,20581.052508
285.766713,36,20587.038395
356.069839,48,20614.620667
355.092062,48,20628.766031
254.697445,31,20642.483166
367.959772,48,20658.615693
320.399775,41,20671.026299
254.022155,30,20682.023237
368.546807,50,20696.013865
406.106994,56,20724.014489
373.550648,53,20737.669415
299.504551,39,20751.177613
368.642443,50,20754.86081
396.524341,54,20767.630842
327.840535,45,20794.773794
323.089227,44,20798.897423
363.794811,48,20826.253103
274.951202,36,20838.888995
359.738627,50,20840.626773
302.91412,41,20868.60746
330.918635,45,20882.565045
369.849267,50,20905.278484
349.085202,45,20910.011635
402.06082,54,20938.04531
364.886724,48,20952.074224
157.551503,20,20965.900033
333.521063,44,20979.960519
401.389553,55,20981.021865
397.438996,56,21007.213677
411.203792,57,21016.461141
347.562123,48,21020.165045
279.614449,34,21020.620847
351.705938,46,21021.128639
298.031925,40,21036.192804
353.161399,47,21044.080295
345.322712,47,21044.817856
346.938707,45,21050.120929
361.386933,49,21062.420226
321.216742,43,21085.995803
315.482803,39,21098.276679
305.681216,41,21112.215465
226.928928,29,21126.127756
309.69142,41,21147.894261
269.534368,35,21152.649675
257.795753,33,21165.811357
344.86526,44,21177.129053
221.010755,26,21191.055322
402.058842,54,21216.90999
422.817376,57,21229.675991
419.172887,57,21256.207267
407.281347,54,21272.736838
369.421046,51,21285.140289
186.439062,23,21298.729859
362.773304,49,21322.806388
372.738453,50,21336.790311
289.128977,39,21350.803818
267.387136,34,21356.447397
344.546331,46,21377.5062
372.225586,50,21391.484584
166.130986,19,21392.559062
181.999809,21,21405.346067
404.117224,54,21419.469259
348.422119,47,21446.475054
286.329823,38,21458.648601
183.676646,22,21471.458066
356.841439,47,21482.591184
249.023316,32,21495.526037
399.631298,54,21522.151242
420.770867,58,21540.383181
311.87793,43,21552.158777
403.335156,56,21580.447441
436.102479,60,21602.460804
449.015546,62,21622.758311
389.762922,52,21628.070219
347.842686,47,21647.154696
313.572333,43,21660.92948
332.155964,44,21674.807987
330.841642,44,21702.949866
436.673824,61,21726.037583
356.747647,46,21740.145955
408.430299,56,21764.877547
273.924329,33,21776.044975
229.973883,28,21780.309147
208.130985,25,21790.673543
342.176727,46,21804.786135
211.296309,25,21813.578698
346.484688,47,21821.308676
380.008477,52,21846.110686
412.111901,58,21867.981022
387.20182,54,21880.295829
359.460314,47,21895.642662
360.072962,50,21909.604454
91.252273,10,21923.58231
384.318147,51,21937.536141
146.773486,18,21951.524478
178.10849,22,21951.933144
326.78192,45,21965.064561
445.526716,50,21984.065571
343.567845,48,21991.387821
232.416283,28,22005.360855
321.941353,41,22019.363029
312.825943,42,22038.961707
264.312775,33,22053.035639
351.811858,46,22067.182997
339.984981,46,22081.329917
278.578738,35,22108.497112
294.089161,37,22118.308671
399.071975,56,22123.318112
159.685642,18,22127.643718
329.057327,43,22132.952884
301.2242,43,22152.492774
278.260334,36,22166.47132
324.376488,42,22180.487722
342.789633,45,22203.439487
310.220749,40,22208.635849
388.71925,52,22222.586483
301.905391,38,22241.678353
394.156688,52,22255.772279
343.622237,48,22273.241434
308.907064,40,22285.238224
233.829018,31,22299.220814
258.058758,32,22307.467851
393.215699,54,22333.89811
351.523445,49,22342.834867
393.213255,54,22368.47133
321.6724,44,22382.517073
314.326149,39,22390.638976
308.292761,39,22399.964139
360.207012,48,22414.150125
341.970959,47,22440.66069
339.544379,46,22448.074666
420.227003,58,22476.051885
347.286967,47,22490.088204
368.061232,49,22504.852884
330.199276,45,22517.688844
429.569002,57,22528.398577
392.419356,54,22556.327538
291.999521,38,22564.514696
304.438822,40,22571.435558
317.636028,44,22591.561339
349.555811,45,22597.932411
366.76191,49,22611.875944
398.678773,55,22619.641479
381.062893,51,22640.529109
373.120721,49,22654.645769
420.536594,55,22681.724291
339.6925,45,22690.654343
316.499465,45,22710.659093
369.863014,49,22719.982719
360.840737,50,22733.543566
351.216919,47,22745.868778
330.251132,44,22764.431263
308.458308,41,22778.480218
364.851492,50,22806.414595
348.370945,45,22812.304036
329.277507,43,22825.085689
339.946252,44,22848.632296
295.002294,39,22861.734178
379.197412,51,22884.701383
359.676285,50,22896.543616
356.384219,48,22912.128364
120.807577,14,22912.139524
221.841339,27,22916.826607
276.666513,38,22923.122143
400.821181,55,22950.987902
339.975332,46,22965.078961
193.326874,22,22979.021748
334.366646,43,22984.61229
328.38586,44,23001.115464
305.601306,39,23010.319641
271.597969,34,23024.397215
288.83473,38,23037.669777
300.351987,40,23050.417026
200.779215,25,23064.374187
426.31331,59,23079.625191
213.331241,27,23092.721863
340.663453,45,23104.659854
380.079915,52,23110.084908
211.197194,26,23120.515976
366.691645,50,23133.746871
365.156945,51,23161.496456
303.828526,41,23174.006207
395.792048,55,23196.31759
394.204732,54,23218.498467
326.623674,44,23229.75943
228.668264,28,23242.858488
322.707203,42,23256.824675
394.62247,54,23284.693266
341.558342,45,23293.104284
297.319147,37,23307.062615
278.811682,36,23321.08048
315.506421,41,23348.984478
393.098725,52,23362.937902
424.235009,58,23390.896884
264.931632,34,23398.940613
410.788219,55,23410.446756
248.550484,30,23423.058442
345.949647,48,23436.357127
383.967821,52,23454.201416
134.593061,17,23465.682851
339.781789,47,23479.789587
371.863503,51,23495.15784
373.570037,49,23505.651106
320.612396,44,23533.546021
275.00864,35,23542.796529
373.889205,51,23552.45241
352.204089,46,23580.520199
403.333269,54,23594.332538
291.272628,39,23622.51307
342.671659,48,23636.652876
396.292357,57,23662.677133
339.766362,46,23663.129773
358.643333,47,23677.103165
320.243885,43,23690.690409
321.868866,42,23704.467342
355.58039,46,23721.577424
274.187786,36,23735.312022
247.197681,31,23742.749885
404.693765,56,23755.360403
362.518386,50,23762.281546
384.745299,52,23780.523601
388.501899,53,23799.640172
325.744502,46,23802.694295
384.082558,52,23830.67451
328.23786,43,23834.524622
231.003209,29,23847.691466
97.957756,12,23847.697167
346.240908,47,23875.590218
347.466267,49,23889.601376
322.075478,44,23911.435966
305.313452,40,23925.404846
344.173393,46,23936.829674
329.658586,42,23957.211679
286.536749,35,23971.34907
361.524047,48,23980.408664
368.721036,51,24006.045019
317.445511,42,24016.344665
318.276426,43,24030.489861
274.185813,33,24043.514586
266.67872,34,24063.300746
265.109922,35,24067.495945
343.258489,46,24074.463479
409.878203,55,24098.309626
380.645608,53,24112.330532
294.117514,38,24131.953096
351.970254,47,24139.959846
340.417334,46,24166.893686
342.027149,48,24180.93567
307.270339,41,24194.80409
328.50405,43,24222.614684
312.837238,44,24236.718344
420.34394,57,24262.13942
374.645307,49,24275.815635
401.048665,57,24303.815842
369.299218,50,24324.31082
406.623375,56,24329.144529
310.849356,42,24347.349774
370.447081,52,24347.98163
224.311923,28,24348.397488
377.658912,52,24364.72985
315.367774,42,24365.184582
348.789125,48,24378.844777
326.159617,43,24384.987473
333.326616,44,24385.386949
301.503915,40,24412.322004
300.586013,41,24422.198455
302.720147,39,24424.39382
352.736622,46,24438.217234
294.339976,40,24438.692051
345.806192,45,24439.141955
344.138721,46,24465.230296
252.406398,31,24479.222388
370.100273,49,24487.697663
325.145395,43,24501.346178
308.092134,40,24515.397561
336.149998,44,24529.49172
418.435281,60,24543.972843
339.571916,47,24570.239918
383.931448,54,24570.628285
334.326106,44,24586.428703
401.625935,51,24586.953872
367.292988,51,24600.602998
284.165537,41,24612.416312
291.548549,38,24626.390457
353.7157,48,24644.478452
296.215244,37,24657.695134
325.880644,43,24671.502494
356.879908,48,24691.036163
310.256353,41,24705.102807
367.335801,49,24732.533225
358.285192,48,24746.630586
369.177601,50,24762.832616
364.092782,48,24763.281796
310.534017,41,24763.73561
322.148108,42,24764.396351
292.356965,39,24764.776073
376.091307,51,24768.350233
347.999566,46,24781.544784
385.368563,50,24807.359464
311.026401,41,24821.353402
357.291833,47,24824.312821
372.416337,51,24836.864239
295.689322,40,24849.273012
200.693659,25,24860.305918
413.328416,56,24874.720196
251.243251,31,24875.205178
399.747726,54,24886.835345
399.217742,54,24914.620787
291.732673,37,24922.717875
354.95125,49,24944.918476
341.225938,47,24952.971523
349.123799,46,24977.505155
328.460579,43,24991.417655
352.158388,47,25005.390457
303.478886,40,25023.169478
267.048263,34,25034.590766
315.386678,41,25048.506066
359.335336,49,25076.394061
356.361509,48,25089.689138
367.315762,51,25110.188979
445.825734,60,25110.632332
341.586164,46,25132.558774
162.064674,19,25142.520795
356.987679,47,25146.176306
309.09386,41,25160.287498
272.228511,36,25172.043631
234.014824,27,25181.114692
245.008348,29,25185.786764
366.801933,51,25213.224097
382.777138,52,25224.826207
305.91819,40,25250.1613
370.748864,51,25263.254831
260.042677,33,25277.19934
370.122835,51,25305.082403
415.151619,56,25321.989959
342.330555,44,25322.400512
313.265244,42,25334.609877
340.55465,45,25349.402802
346.358344,47,25349.817334
252.408781,31,25355.042326
329.919222,44,25358.463656
172.757654,20,25371.308728
371.157164,51,25385.338179
319.960505,41,25387.528474
330.779606,43,25399.027757
276.775628,37,25412.535494
393.115484,54,25428.056207
373.930171,51,25435.136567
422.12381,58,25451.225494
287.083072,37,25463.82414
366.706921,47,25474.211073
171.427499,21,25487.421022
316.534827,42,25501.465753
330.979381,45,25529.251737
380.393575,52,25537.031316
415.189927,59,25558.243345
333.201084,46,25568.573814
367.78143,50,25586.079813
308.230563,40,25593.32249
394.885648,55,25617.865046
402.382299,54,25625.008522
304.343247,39,25638.056399
320.754619,44,25650.193528
391.908483,53,25661.65307
398.952083,54,25664.89586
362.623628,49,25667.936039
348.780457,47,25694.0943
407.261974,58,25708.121285
398.571848,54,25734.054318
403.791173,54,25761.082064
323.130618,43,25775.035103
330.27562,43,25802.915018
261.139308,33,25814.103518
163.473603,18,25814.12025
281.668257,37,25826.593635
359.638968,48,25844.206912
368.769758,49,25857.489209
207.120929,25,25864.621095
291.348847,38,25868.972829
406.397882,55,25891.560076
401.999835,57,25916.773566
333.628714,44,25930.569728
270.966741,35,25944.654035
322.828553,43,25971.50156
281.222029,36,25984.782686
331.428112,44,25998.758027
378.998988,53,26024.713721
430.194415,60,26040.906325
281.802593,36,26053.307305
343.222492,46,26067.258546
233.37823,29,26081.207041
403.799885,53,26098.164024
299.161545,40,26104.853825
353.00912,47,26116.889173
323.005921,41,26127.250591
197.085165,23,26127.265943
381.107965,43,26150.178695
348.636489,46,26163.85015
412.390688,56,26184.224685
303.492875,40,26188.889336
358.179469,48,26214.225137
412.852633,57,26232.549693
297.559004,38,26243.092953
385.688047,53,26251.921394
345.813257,46,26270.39474
336.376613,46,26284.388172
384.474109,52,26312.570512
307.263232,42,26326.63932
362.206069,49,26349.321146
328.847038,43,26349.862391
380.495281,54,26373.766715
343.730865,46,26383.475105
346.898871,45,26411.014575
385.834905,54,26425.137071
387.472015,54,26450.816021
390.115227,52,26469.1845
308.100251,40,26481.736207
367.343319,50,26495.828104
287.265522,32,26509.932792
402.100058,53,26530.8242
364.032138,49,26543.375711
395.465874,54,26547.786691
339.305629,44,26570.196845
331.709163,45,26584.189759
329.096088,46,26593.214305
393.385027,52,26606.755733
244.56101,30,26617.821924
387.809739,53,26629.991974
356.602162,46,26643.240516
395.341057,54,26662.729597
329.848905,43,26670.800014
385.81964,52,26697.219196
341.566012,45,26708.408762
288.284471,37,26718.757701
361.065858,49,26733.629189
317.834953,42,26739.371515
300.081518,38,26753.35354
247.07983,27,26767.367182
246.776754,31,26781.263713
399.725728,52,26800.90322
275.136067,35,26801.32288
175.874326,21,26808.749
311.007266,41,26822.671
282.140131,37,26829.121207
344.706927,47,26842.286962
388.741168,51,26867.362763
378.817859,51,26885.03456
386.455903,53,26896.823756
427.073656,56,26909.429715
258.86241,34,26922.651015
334.630995,43,26936.733565
333.561607,46,26951.375436
228.149517,26,26964.631541
412.989296,55,26971.819862
369.337345,50,26991.850718
342.742778,45,27005.502687
267.720892,34,27019.632081
410.837877,56,27031.967235
97.952258,11,27039.309752
400.609304,53,27050.673821
384.845821,53,27058.296718
349.305906,46,27062.980389
384.417192,52,27073.964658
211.105413,24,27081.575669
289.766912,37,27082.91263
258.590742,29,27095.217417
374.522216,52,27109.354966
88.986034,10,27116.881188
325.159533,42,27124.544971
367.040492,51,27138.420973
370.446642,50,27149.483065
357.440104,49,27177.626917
308.440585,40,27190.641733
384.825648,49,27204.743586
301.433184,40,27230.063638
380.646337,52,27237.87115
344.041939,48,27240.637552
147.312193,17,27240.645486
273.027285,33,27253.43505
378.565638,51,27269.111673
258.492911,32,27276.490215
377.882497,52,27295.259356
384.346884,52,27307.231518
361.828985,50,27327.733953
367.041985,48,27333.523887
368.329838,51,27349.598884
388.020621,52,27369.387368
301.294441,40,27383.342369
385.804434,54,27394.782962
315.23403,39,27414.842575
195.576224,23,27414.853565
279.283365,36,27438.637106
199.327307,23,27438.652641
403.485889,57,27465.646962
264.238382,33,27479.701118
314.529906,42,27481.694337
270.356768,31,27484.854385
367.960824,50,27507.706886
224.661645,29,27521.097348
299.59224,38,27535.201989
308.75253,43,27544.528362
301.362752,41,27556.293658
426.045017,58,27724.244472
374.247319,53,27743.896643
349.848471,47,27772.089725
354.581172,47,27784.641172
376.476829,52,27812.82758
260.151441,34,27826.934672
330.792614,45,27837.733323
368.504829,48,27863.615978
238.286968,29,27864.129193
338.273607,45,27877.253467
342.762939,45,27881.092041
353.768481,47,27899.072689
342.136099,46,27905.598728
403.992914,57,27929.289604
390.062073,55,27956.716851
316.354791,41,27964.59418
376.98489,51,27977.113847
342.548217,45,27990.217961
348.695138,46,28000.024404
334.635543,45,28017.024033
321.401677,42,28017.521709
357.388365,48,28042.664119
281.349764,35,28054.029208
360.819568,47,28067.095322
363.257535,49,28084.930681
349.765647,47,28096.628029
409.547257,54,28110.900251
334.412231,44,28120.007113
387.869719,54,28135.592194
348.312589,48,28152.939002
208.978343,26,28152.956187
373.272566,50,28172.322544
264.715925,33,28185.806229
305.601772,41,28199.7372
330.82714,45,28227.711003
311.019821,41,28241.692245
162.971895,18,28241.700627
352.194296,49,28269.688083
71.472828,8,28269.692779
349.579755,46,28297.560141
360.597851,48,28308.913846
367.320146,48,28331.75836
280.460004,36,28332.174541
377.164959,52,28346.143236
310.201402,40,28374.093576
304.796958,40,28388.046549
377.020367,52,28413.707666
248.418572,30,28413.730444
371.425493,51,28424.617957
347.540366,46,28441.252154
341.547163,45,28449.875135
282.3484,35,28463.928288
287.284278,37,28478.014595
368.131334,49,28504.747069
337.765761,45,28518.816475
379.074475,53,28547.000096
350.61781,47,28548.096664
369.553476,49,28559.953164
178.830797,20,28559.962488
399.175337,56,28586.992328
441.869847,55,28614.832139
327.578946,44,28627.951175
255.28939,32,28641.888503
312.726515,41,28659.971848
407.101037,54,28665.335567
383.744492,44,28692.172813
368.528294,49,28706.124754
212.279364,27,28706.608396
348.126552,47,28717.971962
341.895068,43,28745.064559
339.475306,45,28753.733131
281.785485,36,28754.168745
319.367226,42,28772.759353
371.405815,50,28785.215003
193.476272,23,28786.612293
372.326761,50,28789.522482
403.886954,56,28802.894711
248.208264,32,28807.190764
91.279975,10,28821.323121
322.709881,43,28822.684074
334.157363,45,28835.653779
310.639977,41,28851.169319
398.750189,55,28861.340378
316.12786,42,28889.3415
293.799528,37,28903.462804
318.11601,41,28915.625615
387.217698,50,28924.441961
274.780964,33,28924.872395
290.849956,36,28926.94835
368.208262,49,28940.072767
388.515262,56,28958.938024
264.396684,34,28973.103009
390.405989,54,28996.810623
342.154066,43,29009.927225
310.319731,42,29023.836169
364.44216,49,29051.638701
359.862701,51,29079.546014
238.015778,29,29079.55969
207.792298,26,29092.268192
409.396985,56,29115.334946
320.358948,40,29129.245664
303.033302,41,29146.897437
295.189636,39,29153.935225
300.757136,39,29162.778768
379.546697,52,29175.411967
197.170161,23,29175.422949
344.785368,49,29203.247241
349.014666,47,29217.148009
369.882577,49,29237.721571
297.21192,37,29250.836438
141.250644,17,29264.132617
361.684704,49,29274.007193
319.572664,44,29287.949022
426.972458,59,29298.58409
351.157513,46,29312.355955
329.460298,44,29324.897865
332.018721,44,29339.04705
229.712836,28,29353.038352
196.785879,25,29362.962909
371.481729,49,29375.587949
371.000621,53,29389.80155
288.163762,39,29416.800765
368.447848,52,29427.998796
250.773558,32,29428.488313
263.102126,34,29428.932735
331.420272,44,29429.864529
235.202276,28,29429.897299
307.945495,43,29442.25788
387.768387,52,29456.395821
424.722305,58,29467.811877
283.395386,37,29472.97065
303.772689,39,29499.641243
188.374599,22,29499.651503
302.310588,38,29520.674742
283.583134,38,29533.771614
343.053873,46,29547.897336
283.766319,34,29558.647171
345.616347,46,29565.029052
371.116571,53,29565.443438
306.276811,39,29575.612968
303.387949,39,29587.833789
141.491542,16,29587.841485
392.01512,53,29614.236289
372.197267,50,29628.415148
288.646411,36,29646.005864
371.585384,52,29660.165011
322.322205,45,29687.795831
319.791054,44,29701.992985
237.922896,29,29714.943148
404.037425,55,29739.085002
360.049933,48,29753.277785
395.259654,51,29781.171569
257.41291,33,29795.334605
227.08781,28,29805.752094
304.984343,40,29817.892711
378.499623,51,29831.766869
351.131855,47,29856.573033
279.471072,36,29870.762236
246.399685,32,29873.770359
309.272571,40,29886.764583
437.196064,59,29914.544555
377.199686,53,29942.351973
302.948993,41,29955.940944
378.532004,50,29971.49908
317.572085,41,29976.17995
355.514679,47,29981.756089
377.218414,51,29985.468105
269.78525,34,29985.971805
373.056436,49,29986.770172
350.599727,47,30000.025571
406.182542,56,30017.979386
296.469671,39,30018.391467
392.688819,56,30019.21585
301.408212,38,30019.603007
354.718577,48,30020.061612
354.437688,47,30033.168762
409.08013,57,30061.474224
215.350805,26,30066.733894
413.181194,54,30079.083398
381.239087,51,30095.005074
240.797757,28,30095.369232
412.749321,54,30107.771136
357.140778,46,30128.058893
339.318743,43,30137.74554
291.702196,39,30151.616244
405.883594,53,30179.41746
309.314113,42,30193.345468
359.203668,49,30218.589424
358.02531,48,30219.075519
422.281658,56,30219.967362
269.700552,32,30233.210015
391.314112,53,30242.499873
291.667406,37,30244.638637
344.499784,45,30253.672149
332.698101,44,30281.75025
294.064631,38,30295.881813
356.421367,48,30306.285619
306.760425,41,30319.714866
396.257284,52,30333.605612
381.715435,52,30355.707294
365.510727,50,30364.575504
393.58641,52,30390.86205
325.667156,46,30418.671274
376.901283,50,30432.608979
344.623371,46,30460.349648
376.499859,51,30474.262023
276.247467,35,30488.111034
319.97353,44,30515.918045
323.993709,42,30518.299901
419.672554,55,30541.947915
281.955961,35,30555.417931
331.872403,45,30569.562687
383.276697,51,30591.456293
346.132514,48,30599.766799
148.562535,17,30608.120922
306.717004,38,30621.363977
320.659777,43,30635.495957
280.60332,34,30645.365827
392.701619,53,30663.917943
350.110787,48,30691.695237
293.793063,38,30705.572422
388.60037,51,30719.517039
343.981307,46,30738.482858
351.481479,47,30738.887536
279.337293,36,30752.139308
194.523889,23,30759.440076
300.573352,39,30759.894815
303.286348,39,30772.32053
363.816804,47,30800.163437
381.21412,51,30819.336664
344.89794,46,30833.461132
320.290809,43,30847.300502
363.390119,48,30874.801689
309.721445,41,30880.896556
381.677886,53,30907.715236
329.545889,44,30914.80926
305.952978,41,30920.59799
294.959179,37,30941.840924
396.488357,54,30955.096748
273.820046,35,30963.668675
367.022082,50,30989.757728
367.664164,48,31001.604001
317.425873,42,31024.208162
345.454638,48,31038.029342
390.802535,54,31062.38139
311.626052,38,31076.284062
332.113945,45,31104.015042
316.875704,41,31113.10042
400.608271,56,31118.17941
213.425864,26,31118.202329
325.464265,45,31118.921732
382.317638,43,31119.378998
345.730322,43,31119.860935
363.080218,48,31145.952425
404.246395,58,31162.257784
393.716541,51,31174.460151
338.786872,48,31202.211614
310.023254,39,31207.281454
344.564904,47,31231.715213
321.400179,44,31245.71254
291.812352,38,31253.774943
257.310595,33,31266.155105
240.818868,30,31280.299603
322.585037,43,31289.5776
357.464467,48,31316.397462
334.514938,47,31326.675918
291.559978,40,31327.527723
191.097864,24,31327.550824
364.349836,49,31341.019006
348.992776,46,31354.939969
358.17387,49,31369.337684
372.134109,49,31382.462205
366.294882,49,31403.874034
336.0548,43,31417.992482
387.25486,53,31440.294767
352.13647,47,31454.263059
346.544787,46,31475.653883
304.206232,40,31487.865177
372.500898,50,31510.067157
401.2224,56,31522.47735
266.496089,33,31536.551735
155.172316,19,31546.099685
278.228847,35,31559.333508
301.080757,39,31564.59273
380.869372,51,31588.63992
306.536514,41,31599.843848
278.078062,36,31613.076497
223.070984,27,31626.875146
399.127358,54,31655.150762
356.405308,48,31669.273617
358.846318,47,31696.098551
298.462352,39,31710.249499
418.284679,58,31725.288096
289.378471,36,31725.703945
346.114943,46,31738.994495
403.300129,56,31766.890561
373.91026,50,31781.67704
323.026172,43,31795.625927
334.080537,44,31806.310358
321.663247,45,31833.739032
373.054979,51,31847.879181
375.52133,43,31875.849825
368.877721,49,31889.976125
353.63393,47,31905.691024
265.909635,34,31915.492215
445.030116,59,31921.965946
405.17567,56,31925.315835
284.769615,37,31943.277365
348.782181,48,31957.398998
336.276594,48,31985.016816
283.629454,40,31989.347383
353.37117,49,32000.093936
377.640905,53,32022.095439
350.820399,47,32050.124041
359.079314,49,32063.549236
342.850968,46,32086.569086
324.203764,44,32097.797127
378.973837,52,32121.84414
318.331823,44,32135.739357
265.591296,32,32149.667733
353.343398,48,32163.63899
267.643293,34,32177.575366
271.980994,36,32196.127638
426.778442,59,32200.203644
371.749096,52,32211.164997
301.739326,39,32214.865744
377.833972,50,32235.851357
125.87929,15,32235.858625
340.228471,45,32236.786023
355.300649,47,32246.595088
323.99163,42,32257.155016
362.078654,49,32271.702288
61.567882,7,32271.705623
290.505971,37,32284.825147
306.634022,41,32305.861731
321.016528,41,32306.293227
337.705476,44,32317.964602
285.481784,37,32331.191494
354.162743,47,32346.288373
242.725116,30,32346.715422
275.022193,35,32347.115492
356.832719,48,32347.706294
119.098961,14,32348.221946
299.234939,40,32348.660809
354.739866,47,32349.54592
339.760752,43,32349.967335
335.954051,45,32350.399703
313.769035,44,32351.36014
366.396446,47,32360.387507
394.604352,53,32388.650807
356.03118,47,32402.757365
306.045096,38,32429.570473
330.660404,45,32429.951159
129.043746,15,32429.9687
370.589142,53,32448.565857
344.601665,46,32464.480358
291.62785,37,32476.884733
310.173348,41,32477.317391
354.576972,49,32477.767641
351.259605,47,32487.882403
392.133646,53,32509.460095
311.965207,44,32523.333343
328.200151,44,32529.954065
340.743631,44,32557.763695
265.787361,33,32571.747478
350.271917,46,32585.688787
272.044778,33,32599.596168
371.914066,48,32627.47652
341.513556,45,32641.399976
339.924012,48,32646.465176
312.37834,42,32651.460725
216.466102,25,32664.49709
298.353774,38,32678.447562
292.647054,40,32692.354991
332.012388,46,32718.701279
255.417336,30,32723.712101
392.54491,54,32736.94157
254.854848,33,32751.100807
498.160604,57,32771.247818
279.431162,36,32784.500969
282.345432,36,32796.484192
356.096791,46,32797.559702
402.009412,54,32798.120649
305.449098,43,32804.678328
241.227845,29,32808.268454
291.638382,36,32812.516656
377.741474,52,32816.841465
359.631631,47,32826.016046
386.837301,52,32834.153827
420.87616,59,32837.517584
285.402635,36,32841.026136
358.17655,46,32850.054952
376.508936,49,32854.673836
373.872431,52,32863.854277
369.568054,49,32874.31197
425.151078,58,32880.074507
372.706025,51,32886.404183
328.611852,43,32890.722148
242.268027,29,32893.966215
170.473232,21,32898.986895
449.936333,61,32910.234271
220.206643,27,32914.140681
383.659675,51,32920.351581
386.083306,54,32931.096179
376.320837,51,32940.618936
301.469571,41,32945.294519
432.659187,49,32950.241759
288.749432,38,32959.712492
403.102702,58,32971.107557
173.41658,22,32981.622595
318.948195,43,32989.430523
398.056858,53,33011.481053
315.205461,41,33025.573019
187.720699,23,33030.266867
402.121405,53,33055.627913
222.459125,27,33069.569835
334.314896,42,33083.431048
207.625631,27,33091.842881
422.885191,57,33105.143756
330.108514,43,33124.639328
231.220987,29,33133.739535
151.042462,18,33133.748254
356.079837,49,33158.543977
340.101244,46,33165.461805
342.514875,48,33184.625622
390.995071,54,33196.770423
399.629229,55,33213.81555
376.236104,51,33241.058349
404.961184,57,33246.275832
194.951185,23,33246.295463
348.717447,47,33260.800289
263.02828,34,33274.537444
329.06233,44,33288.598023
325.152146,44,33307.017032
314.173515,41,33320.135873
384.023955,53,33334.041904
348.361863,46,33355.781249
250.551984,30,33360.214206
351.168357,46,33367.385768
381.15216,50,33394.276886
356.912011,48,33407.545931
378.543291,50,33435.387129
382.983585,53,33458.766053
419.331533,58,33471.855293
351.195165,48,33489.985888
361.061977,50,33504.10125
293.299902,40,33527.183305
332.89961,46,33541.246743
208.214586,27,33549.287765
381.717522,52,33569.228652
400.291651,54,33583.243151
363.225457,48,33607.483194
251.386578,31,33621.568026
336.119703,49,33635.63178
390.623972,53,33657.439668
354.201853,47,33671.257122
417.682997,56,33690.849378
137.675607,16,33703.748372
349.345583,47,33717.635289
388.361997,53,33744.349832
297.713331,39,33758.360037
267.025058,35,33772.322042
366.46049,51,33791.683811
367.591736,52,33805.759793
175.005847,22,33819.753624
342.234254,46,33828.731678
258.293827,33,33829.19546
380.643976,54,33849.920584
355.170807,50,33869.804741
331.396943,44,33877.1459
413.22513,57,33903.136978
365.59327,49,33908.583728
385.157346,51,33936.479884
333.174872,46,33950.441386
324.419371,44,33978.256927
298.29161,39,33986.465178
24.973633,3,33986.4667
331.407868,44,34009.610768
358.779854,47,34023.528828
359.747272,50,34043.2764
362.871611,49,34057.181593
240.471678,29,34071.144021
373.651715,52,34093.838244
384.300219,43,34099.808043
395.884971,56,34117.871631
361.659295,48,34118.340781
260.89447,33,34131.550899
382.749183,52,34148.820834
305.127153,41,34159.244759
286.132008,37,34169.496788
346.878212,47,34188.708733
315.922023,42,34201.777003
395.089142,52,34219.592107
353.368588,49,34224.075459
230.594351,27,34238.151115
182.297205,23,34252.258674
237.575193,30,34266.123254
375.675463,51,34280.056362
360.720199,49,34308.236274
337.161015,44,34318.258566
345.920645,47,34344.363872
404.057576,58,34372.346359
289.135753,39,34386.075621
375.641406,48,34400.157465
253.876087,32,34414.251185
252.548857,31,34428.33552
373.844602,51,34456.092757
293.64092,38,34470.19088
344.513896,43,34484.264385
393.277124,54,34512.197935
283.50582,38,34525.588659
252.732503,33,34539.645207
266.482029,35,34553.745889
262.050221,34,34566.950128
118.251614,14,34581.016271
355.430662,48,34592.549187
293.660187,39,34606.861422
295.489703,36,34620.068837
175.516385,23,34620.084434
342.200866,46,34639.531962
340.806616,45,34646.042556
189.730213,24,34658.327133
352.059118,49,34672.207854
317.821719,41,34672.656839
291.830414,38,34685.92057
307.088481,41,34699.309595
225.130287,28,34713.333406
328.189831,43,34727.397713
143.828234,17,34741.427979
379.819929,53,34759.421782
321.224701,43,34772.055498
115.820299,14,34772.062131
317.563422,41,34799.941179
362.401935,49,34809.444127
312.142169,46,34828.180468
255.783817,33,34842.168401
239.646535,29,34856.102673
343.03105,46,34870.01324
377.229235,51,34887.069566
309.381014,40,34896.032679
376.725156,52,34918.777412
331.2102,44,34932.454098
140.481285,16,34932.461672
366.476978,50,34946.991353
400.463657,55,34959.120569
370.880999,48,34972.356263
428.995716,59,34994.614358
334.669434,43,35000.397908
338.24552,45,35017.252155
329.194531,43,35030.339211
370.154083,51,35057.135707
345.743337,47,35071.107494
359.309082,46,35090.388345
305.496053,42,35103.996788
231.640326,27,35113.541001
344.628176,47,35119.09257
354.944383,50,35143.93961
275.913442,35,35153.199049
256.554377,33,35166.147133
319.779838,45,35179.089446
231.192365,29,35192.781266
395.972072,54,35202.684798
297.072696,41,35215.883858
317.069525,42,35243.364152
319.757458,42,35257.469628
343.941068,48,35271.521406
380.671957,50,35296.229709
312.866035,42,35309.198328
338.053715,46,35327.953721
363.134675,49,35328.38685
261.687865,32,35332.130391
361.070019,49,35358.69283
402.492385,55,35372.754742
270.968925,37,35399.620094
357.625826,47,35402.037961
326.134997,45,35415.881864
188.914915,23,35429.931509
323.411141,41,35444.01005
385.451505,53,35471.678942
258.883596,33,35481.53358
356.163225,50,35507.956774
431.743739,59,35525.584423
184.046929,21,35525.594181
325.636551,45,35550.815772
273.92627,35,35564.729543
261.239234,33,35574.473059
277.480832,36,35574.945382
393.273351,53,35601.117806
407.199463,55,35610.961229
28.059911,3,35610.96275
340.016486,47,35637.661214
331.981988,44,35651.591738
205.054721,25,35651.98792
312.552968,41,35665.188187
282.413754,38,35678.400269
370.773263,53,35701.332261
391.711363,52,35718.858883
449.376612,51,35731.900151
324.330269,43,35753.093242
290.162173,38,35757.626456
299.347012,39,35770.284832
361.683041,48,35784.59342
378.957703,51,35790.165035
266.929593,37,35804.097424
277.309483,35,35818.112432
299.484262,38,35837.213465
376.593791,51,35851.176754
226.709326,28,35858.883586
272.981042,35,35871.432359
160.290312,20,35877.745488
378.059967,50,35887.393267
209.488862,26,35900.609813
356.236158,46,35915.897461
372.693898,50,35919.719261
331.30749,45,35946.239662
404.412809,57,35959.13961
357.374233,48,35979.177132
386.606906,52,35993.335366
359.777749,47,36006.501005
307.752015,41,36020.540099
231.281188,28,36026.922319
362.122497,51,36048.542084
341.52887,47,36058.360849
396.72402,53,36080.848068
278.704227,37,36094.8402
281.138222,35,36108.885231
274.529551,33,36112.289632
311.006929,41,36123.552266
346.741953,45,36151.459261
318.429061,42,36164.478876
347.140047,44,36178.53217
379.060476,52,36205.412295
406.09089,56,36216.9352
383.477852,52,36230.020785
379.161212,51,36257.941437
352.875882,49,36280.460853
364.610971,49,36289.01292
214.585957,27,36298.610846
358.545468,49,36311.242497
299.883847,40,36323.412788
409.036184,54,36333.863259
281.646178,34,36360.564032
311.319684,40,36368.850919
445.547057,61,36387.897811
333.086978,43,36401.817632
389.67872,54,36424.594409
245.941035,30,36437.186971
371.389276,51,36446.159484
218.934043,26,36446.560544
421.706923,58,36459.754661
304.517842,40,36468.804456
221.703552,27,36480.793793
440.298909,59,36497.467812
346.709093,46,36510.365343
325.10974,43,36535.143214
212.533012,25,36535.174222
111.950589,14,36549.124308
343.352622,46,36563.128804
383.169385,50,36591.24317
396.047199,54,36603.036282
386.422159,51,36609.031187
339.351197,45,36609.556123
299.47726,38,36636.510643
319.827931,43,36650.400713
393.841762,56,36669.092656
317.737592,43,36682.983786
276.635227,34,36696.931201
354.097044,48,36716.509372
312.528966,42,36721.974779
407.550825,55,36741.109783
274.502344,35,36753.687539
274.166567,35,36761.551747
382.961514,53,36766.519629
378.823596,51,36778.881873
282.387713,38,36791.62949
334.620025,45,36806.497558
316.853941,41,36820.455557
303.661175,42,36834.417575
284.732588,36,36848.347925
291.169739,36,36858.483764
379.81737,53,36870.750971
265.049807,35,36884.657681
285.345686,37,36898.598657
407.661165,56,36925.632898
382.304895,54,36936.821553
379.950719,50,36942.039574
349.592635,49,36965.436557
332.46399,44,36979.424268
328.635601,47,37007.277834
270.724748,33,37021.127047
354.287777,47,37034.636313
370.180327,52,37062.468433
380.101278,52,37090.336238
388.249306,53,37104.276876
396.77593,55,37125.575988
410.9814,54,37144.695001
432.590604,59,37148.86856
351.788432,47,37162.012843
264.768528,35,37176.080394
262.831832,33,37190.20793
307.482079,41,37204.238162
360.066331,47,37223.653826
337.468572,44,37233.229128
300.186404,40,37246.071036
341.186014,45,37262.286904
254.809597,34,37268.186772
372.709607,50,37281.786184
221.414989,24,37281.7974
330.757541,46,37294.323857
427.755223,56,37297.445328
268.077444,36,37311.840873
375.038683,52,37325.840188
394.745313,55,37340.78587
243.281959,29,37341.303854
301.003616,40,37341.83133
370.412403,50,37342.80615
317.814195,44,37355.022123
336.480144,44,37362.760825
296.110533,40,37373.024039
357.562315,47,37373.468166
300.685541,37,37386.458183
372.19187,50,37396.03834
360.429313,49,37409.340875
314.683793,41,37432.566284
267.615201,33,37445.341604
391.345451,53,37450.474105
376.111958,51,37470.627603
300.154803,39,37484.583616
395.820354,56,37506.787007
356.419897,49,37520.951631
389.305189,52,37523.599869
268.886531,33,37535.003589
381.539375,52,37535.881635
322.261135,43,37536.378743
240.680729,30,37536.807308
320.213149,43,37549.765368
298.272828,40,37570.209907
181.125066,22,37570.224788
352.562752,49,37597.121049
347.24081,47,37610.944612
379.533029,50,37629.081591
301.513349,40,37629.514801
334.633449,45,37642.757462
333.765658,43,37670.973467
408.087737,57,37698.881223
293.257058,38,37713.012649
352.563126,47,37724.735289
352.247397,45,37751.079897
361.032121,50,37759.194762
372.50609,50,37782.775238
344.893053,47,37784.176133
360.374526,48,37793.940097
235.882064,30,37801.074218
322.772751,42,37812.517893
236.401399,30,37826.619571
317.675531,44,37840.754032
283.162798,37,37854.310607
339.284317,45,37876.897497
379.403889,52,37905.133053
327.890946,45,37918.708881
315.712087,42,37925.760205
378.544209,52,37952.674575
271.181072,36,37966.58388
341.981966,48,37980.444487
347.706545,44,38001.297933
236.780865,31,38015.163036
267.618811,35,38025.577485
354.199907,49,38039.451203
174.420564,21,38053.346109
394.061327,54,38081.07535
406.812758,55,38102.748654
278.59872,37,38114.408872
355.306191,49,38124.241769
329.659057,46,38147.877214
417.564125,60,38165.816474
359.4635,48,38166.914989
392.859066,55,38195.092971
342.335912,47,38201.756201
267.214357,33,38211.530337
357.206099,48,38227.520491
414.136797,56,38241.398465
202.926949,25,38255.209676
338.594782,46,38261.39867
395.468095,56,38272.06508
279.339511,38,38294.409704
333.070853,47,38308.303422
361.700233,49,38334.4307
345.298248,44,38337.959831
367.855529,52,38351.436463
324.216966,46,38357.396981
384.533915,54,38381.888263
345.770892,46,38385.663316
318.264794,43,38412.927757
341.558661,44,38421.767006
368.051358,48,38429.025791
292.53953,39,38455.690247
248.591033,32,38461.560599
348.917876,47,38475.500794
337.050767,46,38503.166694
411.547799,46,38517.254426
353.769901,46,38530.351419
365.568115,47,38555.815512
266.560023,32,38567.173412
336.101376,46,38579.240627
378.239752,51,38607.182451
125.268482,15,38607.189548
277.898391,36,38623.407149
217.202412,27,38623.42103
200.484917,25,38637.349199
29.609257,3,38637.350745
391.716626,52,38652.04458
401.618477,54,38665.788311
91.579204,10,38665.793073
306.266547,39,38679.443194
312.565256,40,38693.619263
364.982626,50,38721.594099
338.727653,46,38722.039794
394.706567,55,38748.064369
226.527647,27,38757.793995
423.849878,59,38770.15246
327.52286,44,38773.61824
281.977788,36,38787.172238
344.881083,45,38805.446651
287.547599,36,38810.019682
112.981291,13,38810.027384
338.514935,44,38810.939982
370.593132,49,38816.475618
256.485043,31,38830.356555
262.406717,34,38844.396493
273.877457,36,38847.179432
294.273147,40,38847.617412
357.47502,48,38861.29283
283.577733,36,38861.738191
314.502518,42,38862.236002
333.252878,45,38863.10913
317.80919,42,38863.574068
202.404007,25,38863.928675
389.328618,53,38864.689301
406.737364,56,38865.124317
299.823922,38,38878.495194
349.701985,46,38881.014983
399.545956,56,38882.738984
297.057044,39,38892.52947
334.302116,44,38906.340677
389.075163,55,38924.095377
254.98944,34,38937.367192
302.235533,39,38945.156913
320.116401,42,38959.073163
147.653247,17,38959.091538
420.355493,57,38973.659944
83.465824,10,38973.664739
379.230158,53,39000.779403
203.312364,25,39003.591815
265.805277,33,39008.054662
351.562671,48,39020.73852
324.573994,41,39034.62635
360.588011,51,39062.403812
382.228861,52,39078.549103
335.618576,45,39088.670383
321.925144,44,39102.605258
374.966706,50,39130.362473
408.882129,56,39148.964863
369.085555,45,39158.627325
256.837871,32,39164.743729
332.656195,44,39190.497079
317.111495,43,39204.643163
332.423522,43,39205.165499
311.868447,41,39220.806725
334.455934,44,39234.093307
341.272712,48,39247.51784
227.372415,30,39252.867078
378.832349,50,39278.851093
361.122404,49,39292.727795
339.722656,45,39320.521915
293.71806,38,39334.425121
349.841832,45,39346.066566
377.263876,51,39373.586712
370.882975,51,39396.293788
345.340714,47,39406.571206
402.783133,56,39434.249824
299.824009,38,39447.622397
308.98904,42,39461.560999
401.867188,51,39489.203765
281.655751,38,39503.008372
276.36179,35,39511.787956
224.978851,29,39519.897295
378.906519,52,39534.640193
271.929935,37,39547.626361
326.994164,44,39558.107843
365.432761,48,39568.611965
371.810723,52,39578.806777
313.26633,42,39605.332619
347.459157,46,39618.934319
375.875778,53,39647.175607
147.795261,18,39647.184154
334.181946,44,39664.729878
312.70539,42,39678.04346
405.525148,54,39693.257682
220.977468,25,39693.677425
447.21933,51,39703.998935
378.225423,50,39721.329812
126.384403,15,39721.337119
301.551284,39,39725.30646
256.366372,34,39739.219874
334.790587,45,39763.646907
325.214358,42,39773.524968
285.879916,36,39787.428304
425.032921,59,39814.545088
241.734891,29,39828.013338
375.104317,52,39842.846092
375.016838,52,39856.890459
373.493609,49,39872.543609
330.319179,43,39886.682479
363.968127,51,39896.55847
298.241297,38,39910.471283
278.23133,38,39924.57498
388.660342,52,39952.811395
324.738835,42,39966.599867
367.434559,50,39983.126798
278.126271,35,39994.081838
287.682185,39,40006.875288
373.459173,49,40020.919178
346.521724,46,40048.365284
360.033686,48,40048.868754
425.227106,57,40066.514635
195.600615,23,40080.631308
382.894819,51,40102.518826
260.973842,33,40116.667297
410.957739,57,40121.333405
